code,name,year,score
E23000013,Cleveland,2003,19.664411273748776
E23000013,Cleveland,2004,19.4923029704368
E23000013,Cleveland,2005,17.08031470316475
E23000013,Cleveland,2006,16.786224458932892
E23000013,Cleveland,2007,14.98683380470825
E23000013,Cleveland,2008,13.907576309411454
E23000013,Cleveland,2009,10.95893951684996
E23000013,Cleveland,2010,10.035281704601934
E23000013,Cleveland,2011,9.402867692146485
E23000013,Cleveland,2012,9.492859206298178
E23000013,Cleveland,2013,9.038332458951325
E23000013,Cleveland,2014,8.641664147185724
E23000013,Cleveland,2015,10.334679587252838
E23000013,Cleveland,2016,12.233595998468951
E23000013,Cleveland,2017,12.718206096417545
E23000013,Cleveland,2018,16.08481812188599
E23000013,Cleveland,2019,17.226474229067072
E23000013,Cleveland,2020,18.294778126760963
E23000013,Cleveland,2021,17.880833321140162
E23000013,Cleveland,2022,21.73830664773928
E23000013,Cleveland,2023,26.00274490220074
E23000008,Durham,2003,9.428587996647142
E23000008,Durham,2004,9.207583168530551
E23000008,Durham,2005,8.886860679521467
E23000008,Durham,2006,11.149389319758697
E23000008,Durham,2007,10.072201795393175
E23000008,Durham,2008,9.644768484416288
E23000008,Durham,2009,8.572111867992888
E23000008,Durham,2010,8.10113307710237
E23000008,Durham,2011,7.1479916275690565
E23000008,Durham,2012,6.679915197593562
E23000008,Durham,2013,5.862195474108451
E23000008,Durham,2014,7.165474880341606
E23000008,Durham,2015,7.762310218683757
E23000008,Durham,2016,8.736314799957135
E23000008,Durham,2017,10.203210488371436
E23000008,Durham,2018,14.557411677292224
E23000008,Durham,2019,14.162623543245337
E23000008,Durham,2020,13.99233122270774
E23000008,Durham,2021,12.299746625782745
E23000008,Durham,2022,14.163536152657992
E23000008,Durham,2023,15.321965298299947
E23000007,Northumbria,2003,14.486231317008107
E23000007,Northumbria,2004,14.43969430356529
E23000007,Northumbria,2005,12.549807535563158
E23000007,Northumbria,2006,11.482981931200502
E23000007,Northumbria,2007,11.068461175625012
E23000007,Northumbria,2008,9.103018509210363
E23000007,Northumbria,2009,8.088495818381114
E23000007,Northumbria,2010,7.203379679912634
E23000007,Northumbria,2011,6.824820026863195
E23000007,Northumbria,2012,6.237140354880377
E23000007,Northumbria,2013,5.772195348251348
E23000007,Northumbria,2014,6.2321377577889
E23000007,Northumbria,2015,7.984239361720849
E23000007,Northumbria,2016,9.821000028343722
E23000007,Northumbria,2017,11.712055225320455
E23000007,Northumbria,2018,14.611656606844655
E23000007,Northumbria,2019,15.55027429909447
E23000007,Northumbria,2020,14.63804480335773
E23000007,Northumbria,2021,13.476511259918865
E23000007,Northumbria,2022,15.27924158294837
E23000007,Northumbria,2023,16.462552557730245
E23000006,Cheshire,2003,10.550721872580244
E23000006,Cheshire,2004,10.818372116210572
E23000006,Cheshire,2005,9.73656301537909
E23000006,Cheshire,2006,11.57663696205886
E23000006,Cheshire,2007,10.279295729368679
E23000006,Cheshire,2008,8.898231120156467
E23000006,Cheshire,2009,8.099058169645389
E23000006,Cheshire,2010,7.937398308511177
E23000006,Cheshire,2011,7.203076426320587
E23000006,Cheshire,2012,6.760013642658509
E23000006,Cheshire,2013,6.4919497144846545
E23000006,Cheshire,2014,6.9475209436323455
E23000006,Cheshire,2015,7.056507355769006
E23000006,Cheshire,2016,7.334716087224135
E23000006,Cheshire,2017,8.35503863776561
E23000006,Cheshire,2018,11.502378048893384
E23000006,Cheshire,2019,12.521565257266069
E23000006,Cheshire,2020,12.80044289120305
E23000006,Cheshire,2021,12.188086953453595
E23000006,Cheshire,2022,13.906183292779199
E23000006,Cheshire,2023,13.532009626757521
E23000002,Cumbria,2003,8.227185896079034
E23000002,Cumbria,2004,8.640752614157636
E23000002,Cumbria,2005,8.941699694349873
E23000002,Cumbria,2006,8.363448586338025
E23000002,Cumbria,2007,7.2142989970265665
E23000002,Cumbria,2008,6.601130141067345
E23000002,Cumbria,2009,5.667215041621647
E23000002,Cumbria,2010,5.4913162354603235
E23000002,Cumbria,2011,5.836497721446946
E23000002,Cumbria,2012,5.146877205105238
E23000002,Cumbria,2013,5.242663180821918
E23000002,Cumbria,2014,5.652083750415182
E23000002,Cumbria,2015,6.509858776087086
E23000002,Cumbria,2016,7.320830902406568
E23000002,Cumbria,2017,7.592805290161683
E23000002,Cumbria,2018,9.697471613079909
E23000002,Cumbria,2019,12.241455454565896
E23000002,Cumbria,2020,11.607968950031003
E23000002,Cumbria,2021,10.282096761966036
E23000002,Cumbria,2022,12.38428509973151
E23000002,Cumbria,2023,12.982145094744348
E23000005,Greater Manchester,2003,27.73845135529466
E23000005,Greater Manchester,2004,25.671457996071922
E23000005,Greater Manchester,2005,21.150364575044954
E23000005,Greater Manchester,2006,19.835567204586784
E23000005,Greater Manchester,2007,19.511515923277205
E23000005,Greater Manchester,2008,17.407131419198752
E23000005,Greater Manchester,2009,16.94095913759605
E23000005,Greater Manchester,2010,15.081961081896479
E23000005,Greater Manchester,2011,13.547941610832689
E23000005,Greater Manchester,2012,11.868061737137351
E23000005,Greater Manchester,2013,11.400044265380084
E23000005,Greater Manchester,2014,11.669434824956095
E23000005,Greater Manchester,2015,13.42447398587696
E23000005,Greater Manchester,2016,14.667223185734398
E23000005,Greater Manchester,2017,16.674535918111584
E23000005,Greater Manchester,2018,23.100743891347097
E23000005,Greater Manchester,2019,22.805485900930453
E23000005,Greater Manchester,2020,20.639463686511967
E23000005,Greater Manchester,2021,18.69121510587811
E23000005,Greater Manchester,2022,22.907741472172134
E23000005,Greater Manchester,2023,23.348777446073132
E23000003,Lancashire,2003,12.596313517333712
E23000003,Lancashire,2004,14.008215934353087
E23000003,Lancashire,2005,12.485889187031836
E23000003,Lancashire,2006,11.487651060814544
E23000003,Lancashire,2007,10.873117766928564
E23000003,Lancashire,2008,10.095183798445666
E23000003,Lancashire,2009,9.376762453491013
E23000003,Lancashire,2010,8.575683386883231
E23000003,Lancashire,2011,8.976346929930697
E23000003,Lancashire,2012,8.71936481586602
E23000003,Lancashire,2013,8.895216847499459
E23000003,Lancashire,2014,9.706251232928501
E23000003,Lancashire,2015,9.777524122602578
E23000003,Lancashire,2016,10.610214367149068
E23000003,Lancashire,2017,12.372531689704443
E23000003,Lancashire,2018,14.890518196908763
E23000003,Lancashire,2019,18.66910233457826
E23000003,Lancashire,2020,15.608842752224263
E23000003,Lancashire,2021,13.739174884394808
E23000003,Lancashire,2022,16.065467171867127
E23000003,Lancashire,2023,14.954861187794982
E23000004,Merseyside,2003,19.546693774177907
E23000004,Merseyside,2004,20.15482006997632
E23000004,Merseyside,2005,19.07696787314268
E23000004,Merseyside,2006,17.869545568100595
E23000004,Merseyside,2007,15.612003734301402
E23000004,Merseyside,2008,12.314468994372085
E23000004,Merseyside,2009,10.956496270194307
E23000004,Merseyside,2010,10.647585970550088
E23000004,Merseyside,2011,10.031533809966751
E23000004,Merseyside,2012,10.190291359663295
E23000004,Merseyside,2013,9.47208027847826
E23000004,Merseyside,2014,9.998187424320951
E23000004,Merseyside,2015,11.052003556470567
E23000004,Merseyside,2016,12.45358767331147
E23000004,Merseyside,2017,13.496744454474438
E23000004,Merseyside,2018,16.475050952495707
E23000004,Merseyside,2019,15.887902099032596
E23000004,Merseyside,2020,15.25122658028132
E23000004,Merseyside,2021,14.279526982269608
E23000004,Merseyside,2022,16.88528362816092
E23000004,Merseyside,2023,16.299213779496696
E23000012,Humberside,2003,22.44146049340818
E23000012,Humberside,2004,22.839005516739345
E23000012,Humberside,2005,18.977720789873274
E23000012,Humberside,2006,17.651095840756504
E23000012,Humberside,2007,16.610766291744017
E23000012,Humberside,2008,13.749431743062837
E23000012,Humberside,2009,12.430791881695757
E23000012,Humberside,2010,11.28055416025464
E23000012,Humberside,2011,11.309506303203266
E23000012,Humberside,2012,10.602507013574149
E23000012,Humberside,2013,10.166972046009084
E23000012,Humberside,2014,11.010175060743684
E23000012,Humberside,2015,11.526999119890945
E23000012,Humberside,2016,12.295715502792183
E23000012,Humberside,2017,13.4549393047747
E23000012,Humberside,2018,17.420305287338604
E23000012,Humberside,2019,18.695703776237753
E23000012,Humberside,2020,17.749249871145633
E23000012,Humberside,2021,15.615014771004832
E23000012,Humberside,2022,16.554364231454976
E23000012,Humberside,2023,18.407376587285384
E23000009,North Yorkshire,2003,9.936254373953256
E23000009,North Yorkshire,2004,10.715638279299245
E23000009,North Yorkshire,2005,9.163227007182352
E23000009,North Yorkshire,2006,8.731693777984235
E23000009,North Yorkshire,2007,7.923719700127007
E23000009,North Yorkshire,2008,7.279715413569921
E23000009,North Yorkshire,2009,7.2120243577406
E23000009,North Yorkshire,2010,6.219643332650856
E23000009,North Yorkshire,2011,6.354423805357421
E23000009,North Yorkshire,2012,5.646966285460546
E23000009,North Yorkshire,2013,5.519780845990432
E23000009,North Yorkshire,2014,5.512594378717966
E23000009,North Yorkshire,2015,6.2903727342068665
E23000009,North Yorkshire,2016,7.276613974322429
E23000009,North Yorkshire,2017,7.286563295349537
E23000009,North Yorkshire,2018,8.294421851759887
E23000009,North Yorkshire,2019,9.719247018181774
E23000009,North Yorkshire,2020,9.676862174503135
E23000009,North Yorkshire,2021,8.095388106638904
E23000009,North Yorkshire,2022,10.03889266322995
E23000009,North Yorkshire,2023,10.648804327254073
E23000011,South Yorkshire,2003,18.597014693094483
E23000011,South Yorkshire,2004,15.533076655704233
E23000011,South Yorkshire,2005,14.17528990760208
E23000011,South Yorkshire,2006,16.001071781027427
E23000011,South Yorkshire,2007,15.381600347499823
E23000011,South Yorkshire,2008,14.057809770825209
E23000011,South Yorkshire,2009,12.345378442630352
E23000011,South Yorkshire,2010,11.07542827670236
E23000011,South Yorkshire,2011,10.496777821373145
E23000011,South Yorkshire,2012,10.20107407637784
E23000011,South Yorkshire,2013,10.310327004607819
E23000011,South Yorkshire,2014,10.913095281059926
E23000011,South Yorkshire,2015,11.758586851738212
E23000011,South Yorkshire,2016,12.481891761704102
E23000011,South Yorkshire,2017,15.715720567455532
E23000011,South Yorkshire,2018,18.09494807613552
E23000011,South Yorkshire,2019,19.198009326582206
E23000011,South Yorkshire,2020,19.83112741786901
E23000011,South Yorkshire,2021,17.66944223997456
E23000011,South Yorkshire,2022,20.18476058551333
E23000011,South Yorkshire,2023,21.46077314789334
E23000010,West Yorkshire,2003,24.42340953423259
E23000010,West Yorkshire,2004,22.84381248162179
E23000010,West Yorkshire,2005,17.08479707398906
E23000010,West Yorkshire,2006,16.712016189183576
E23000010,West Yorkshire,2007,16.333605191667154
E23000010,West Yorkshire,2008,15.695987918931896
E23000010,West Yorkshire,2009,15.167517415623513
E23000010,West Yorkshire,2010,14.710183390526442
E23000010,West Yorkshire,2011,13.706973920119108
E23000010,West Yorkshire,2012,12.515101351917732
E23000010,West Yorkshire,2013,11.180925776814519
E23000010,West Yorkshire,2014,10.811345267402139
E23000010,West Yorkshire,2015,11.787926937687875
E23000010,West Yorkshire,2016,14.883050109416757
E23000010,West Yorkshire,2017,17.037910931222697
E23000010,West Yorkshire,2018,21.111415942594384
E23000010,West Yorkshire,2019,22.96801803260719
E23000010,West Yorkshire,2020,21.171686580402035
E23000010,West Yorkshire,2021,18.45681002035863
E23000010,West Yorkshire,2022,20.836502231174684
E23000010,West Yorkshire,2023,22.145948025578402
E23000018,Derbyshire,2003,15.093331766586225
E23000018,Derbyshire,2004,14.571324294305967
E23000018,Derbyshire,2005,12.188651719056466
E23000018,Derbyshire,2006,11.034308313281633
E23000018,Derbyshire,2007,11.08453234038768
E23000018,Derbyshire,2008,10.269926803703122
E23000018,Derbyshire,2009,9.477470187367603
E23000018,Derbyshire,2010,9.061495757413603
E23000018,Derbyshire,2011,8.83982660783723
E23000018,Derbyshire,2012,7.537248319571005
E23000018,Derbyshire,2013,6.901109971100869
E23000018,Derbyshire,2014,7.562859353276044
E23000018,Derbyshire,2015,7.86821810521853
E23000018,Derbyshire,2016,8.905893615763993
E23000018,Derbyshire,2017,9.516443490400421
E23000018,Derbyshire,2018,10.983241638474441
E23000018,Derbyshire,2019,12.611309009529485
E23000018,Derbyshire,2020,14.341619387499149
E23000018,Derbyshire,2021,13.240475555495184
E23000018,Derbyshire,2022,14.811614818213931
E23000018,Derbyshire,2023,15.159197609299099
E23000021,Leicestershire,2003,13.656041607490721
E23000021,Leicestershire,2004,14.465191187361183
E23000021,Leicestershire,2005,14.618478894731469
E23000021,Leicestershire,2006,12.884737537866405
E23000021,Leicestershire,2007,12.934050174121106
E23000021,Leicestershire,2008,12.152112020081248
E23000021,Leicestershire,2009,11.553477517488883
E23000021,Leicestershire,2010,10.581401429142858
E23000021,Leicestershire,2011,8.551256722135625
E23000021,Leicestershire,2012,8.216459650866286
E23000021,Leicestershire,2013,7.646108771143983
E23000021,Leicestershire,2014,8.344977742674308
E23000021,Leicestershire,2015,8.564693053919187
E23000021,Leicestershire,2016,9.001939474561679
E23000021,Leicestershire,2017,10.437003883436608
E23000021,Leicestershire,2018,13.061891965886588
E23000021,Leicestershire,2019,14.146132705472317
E23000021,Leicestershire,2020,14.765565719487531
E23000021,Leicestershire,2021,14.516473852877738
E23000021,Leicestershire,2022,16.687258079404195
E23000021,Leicestershire,2023,17.517850285503183
E23000020,Lincolnshire,2003,12.264683376504863
E23000020,Lincolnshire,2004,11.572472272299565
E23000020,Lincolnshire,2005,10.443547367597189
E23000020,Lincolnshire,2006,9.791918593115737
E23000020,Lincolnshire,2007,8.994688573824982
E23000020,Lincolnshire,2008,8.171483920786933
E23000020,Lincolnshire,2009,8.039435073122531
E23000020,Lincolnshire,2010,7.463270155469934
E23000020,Lincolnshire,2011,7.813595912397059
E23000020,Lincolnshire,2012,7.379139087929864
E23000020,Lincolnshire,2013,6.715020998557426
E23000020,Lincolnshire,2014,6.603003572984439
E23000020,Lincolnshire,2015,7.446558475467304
E23000020,Lincolnshire,2016,8.380199428373011
E23000020,Lincolnshire,2017,8.719985302867464
E23000020,Lincolnshire,2018,10.786971997402913
E23000020,Lincolnshire,2019,13.079081861218578
E23000020,Lincolnshire,2020,14.47560723468664
E23000020,Lincolnshire,2021,12.337661847527606
E23000020,Lincolnshire,2022,14.11920418867823
E23000020,Lincolnshire,2023,14.987792624882607
E23000022,Northamptonshire,2003,15.230095320091843
E23000022,Northamptonshire,2004,16.642299216077316
E23000022,Northamptonshire,2005,14.879571261995892
E23000022,Northamptonshire,2006,14.512942699749852
E23000022,Northamptonshire,2007,13.64641731826957
E23000022,Northamptonshire,2008,12.34431867018819
E23000022,Northamptonshire,2009,11.754066042407404
E23000022,Northamptonshire,2010,10.816808897573564
E23000022,Northamptonshire,2011,9.493163927185115
E23000022,Northamptonshire,2012,9.598817834022094
E23000022,Northamptonshire,2013,9.862901786494469
E23000022,Northamptonshire,2014,8.908682543362016
E23000022,Northamptonshire,2015,10.353517079686416
E23000022,Northamptonshire,2016,12.029958410818839
E23000022,Northamptonshire,2017,13.112612011397887
E23000022,Northamptonshire,2018,14.213527519451448
E23000022,Northamptonshire,2019,15.991349938024246
E23000022,Northamptonshire,2020,15.959956396882301
E23000022,Northamptonshire,2021,15.846068151970384
E23000022,Northamptonshire,2022,16.274958696080688
E23000022,Northamptonshire,2023,15.938067297674763
E23000019,Nottinghamshire,2003,23.674646806135694
E23000019,Nottinghamshire,2004,23.386918820209605
E23000019,Nottinghamshire,2005,19.55754799917977
E23000019,Nottinghamshire,2006,17.923684870863926
E23000019,Nottinghamshire,2007,17.92857553664145
E23000019,Nottinghamshire,2008,16.364010628392233
E23000019,Nottinghamshire,2009,15.590900341863305
E23000019,Nottinghamshire,2010,14.14266709374806
E23000019,Nottinghamshire,2011,11.223291847724012
E23000019,Nottinghamshire,2012,9.092431210381783
E23000019,Nottinghamshire,2013,8.961454698439338
E23000019,Nottinghamshire,2014,9.812871190617454
E23000019,Nottinghamshire,2015,11.024081568997888
E23000019,Nottinghamshire,2016,11.516937961088733
E23000019,Nottinghamshire,2017,12.635909715426555
E23000019,Nottinghamshire,2018,15.776861806241754
E23000019,Nottinghamshire,2019,16.715951165318394
E23000019,Nottinghamshire,2020,15.980048904850866
E23000019,Nottinghamshire,2021,12.543735016434313
E23000019,Nottinghamshire,2022,14.491407335811276
E23000019,Nottinghamshire,2023,15.917296694577985
E23000015,Staffordshire,2003,12.360046989215581
E23000015,Staffordshire,2004,12.7108121578052
E23000015,Staffordshire,2005,11.540812434219157
E23000015,Staffordshire,2006,11.375657427622077
E23000015,Staffordshire,2007,11.11758168390439
E23000015,Staffordshire,2008,9.700635506472398
E23000015,Staffordshire,2009,9.047016642193908
E23000015,Staffordshire,2010,8.978836394308075
E23000015,Staffordshire,2011,7.98296338901563
E23000015,Staffordshire,2012,7.116866540506642
E23000015,Staffordshire,2013,7.308975994343218
E23000015,Staffordshire,2014,8.052059464681317
E23000015,Staffordshire,2015,8.791299095294981
E23000015,Staffordshire,2016,10.279728886562566
E23000015,Staffordshire,2017,11.87698180930818
E23000015,Staffordshire,2018,13.658754686623224
E23000015,Staffordshire,2019,13.19135449723981
E23000015,Staffordshire,2020,11.75858931289686
E23000015,Staffordshire,2021,9.863835217659334
E23000015,Staffordshire,2022,11.532742666504959
E23000015,Staffordshire,2023,15.864589928034242
E23000017,Warwickshire,2003,10.456891259011126
E23000017,Warwickshire,2004,11.817685437958604
E23000017,Warwickshire,2005,10.509840097058591
E23000017,Warwickshire,2006,10.42408437760946
E23000017,Warwickshire,2007,10.938902737261971
E23000017,Warwickshire,2008,9.49882921798376
E23000017,Warwickshire,2009,8.57716503102143
E23000017,Warwickshire,2010,8.445598571084826
E23000017,Warwickshire,2011,8.115265301977397
E23000017,Warwickshire,2012,8.623355235943412
E23000017,Warwickshire,2013,7.6973010304035085
E23000017,Warwickshire,2014,7.737540754971056
E23000017,Warwickshire,2015,7.829029825924086
E23000017,Warwickshire,2016,9.227943453906134
E23000017,Warwickshire,2017,11.464490150053106
E23000017,Warwickshire,2018,14.087535072301344
E23000017,Warwickshire,2019,13.305705952475366
E23000017,Warwickshire,2020,13.753110053728982
E23000017,Warwickshire,2021,11.474886464686934
E23000017,Warwickshire,2022,13.154168580447022
E23000017,Warwickshire,2023,12.578187887912872
E23000016,West Mercia,2003,11.268997403604306
E23000016,West Mercia,2004,11.274093495986117
E23000016,West Mercia,2005,9.788405988604696
E23000016,West Mercia,2006,8.675812896024325
E23000016,West Mercia,2007,8.03178169667466
E23000016,West Mercia,2008,8.0769598095304
E23000016,West Mercia,2009,7.99470840974193
E23000016,West Mercia,2010,7.60274545489591
E23000016,West Mercia,2011,8.058950476920868
E23000016,West Mercia,2012,7.788634268441303
E23000016,West Mercia,2013,7.018094800127258
E23000016,West Mercia,2014,6.4787624946121225
E23000016,West Mercia,2015,8.152251825201592
E23000016,West Mercia,2016,10.74438209554127
E23000016,West Mercia,2017,11.333787637662502
E23000016,West Mercia,2018,12.47751570994364
E23000016,West Mercia,2019,13.015304942209108
E23000016,West Mercia,2020,12.631557677677828
E23000016,West Mercia,2021,11.48606023242202
E23000016,West Mercia,2022,13.012553854000446
E23000016,West Mercia,2023,13.735351998516649
E23000014,West Midlands,2003,22.3077612180066
E23000014,West Midlands,2004,22.174689246403837
E23000014,West Midlands,2005,18.834137446866684
E23000014,West Midlands,2006,18.24216366769144
E23000014,West Midlands,2007,17.6835285368451
E23000014,West Midlands,2008,16.205270426919096
E23000014,West Midlands,2009,14.617803923254094
E23000014,West Midlands,2010,13.764732273420668
E23000014,West Midlands,2011,14.871027337703367
E23000014,West Midlands,2012,12.819099928853744
E23000014,West Midlands,2013,11.451835953043695
E23000014,West Midlands,2014,11.597698356901354
E23000014,West Midlands,2015,11.643723734280165
E23000014,West Midlands,2016,12.787953576626684
E23000014,West Midlands,2017,14.489717765585086
E23000014,West Midlands,2018,17.950091975127226
E23000014,West Midlands,2019,20.191693697215616
E23000014,West Midlands,2020,19.709797762509734
E23000014,West Midlands,2021,19.682490128144213
E23000014,West Midlands,2022,25.99053607310045
E23000014,West Midlands,2023,25.45818379805249
E23000026,Bedfordshire,2003,14.09524729976387
E23000026,Bedfordshire,2004,15.516217077525411
E23000026,Bedfordshire,2005,14.452343151817526
E23000026,Bedfordshire,2006,14.993488063264067
E23000026,Bedfordshire,2007,13.79697482630245
E23000026,Bedfordshire,2008,13.625603149569264
E23000026,Bedfordshire,2009,11.907118850615209
E23000026,Bedfordshire,2010,10.487261140753079
E23000026,Bedfordshire,2011,10.744369887724107
E23000026,Bedfordshire,2012,9.00492686537201
E23000026,Bedfordshire,2013,8.44421850202754
E23000026,Bedfordshire,2014,8.927054010973396
E23000026,Bedfordshire,2015,9.931040173231223
E23000026,Bedfordshire,2016,9.990229375861182
E23000026,Bedfordshire,2017,10.696299347498735
E23000026,Bedfordshire,2018,12.491087757313307
E23000026,Bedfordshire,2019,15.958216954683753
E23000026,Bedfordshire,2020,14.829962688115575
E23000026,Bedfordshire,2021,11.600771310974402
E23000026,Bedfordshire,2022,12.76340604564116
E23000026,Bedfordshire,2023,12.51387213634533
E23000023,Cambridgeshire,2003,15.022945353248113
E23000023,Cambridgeshire,2004,14.020151615012782
E23000023,Cambridgeshire,2005,11.940353840726374
E23000023,Cambridgeshire,2006,10.714916049884932
E23000023,Cambridgeshire,2007,11.345524870057844
E23000023,Cambridgeshire,2008,10.288536254222448
E23000023,Cambridgeshire,2009,11.009168297826854
E23000023,Cambridgeshire,2010,9.915071490318548
E23000023,Cambridgeshire,2011,9.021922924673872
E23000023,Cambridgeshire,2012,7.904518186934553
E23000023,Cambridgeshire,2013,7.259739639890343
E23000023,Cambridgeshire,2014,7.439435788151646
E23000023,Cambridgeshire,2015,8.622912449398882
E23000023,Cambridgeshire,2016,9.365908600760994
E23000023,Cambridgeshire,2017,10.234866042654597
E23000023,Cambridgeshire,2018,12.52988725442805
E23000023,Cambridgeshire,2019,13.631907356077408
E23000023,Cambridgeshire,2020,13.634994275831241
E23000023,Cambridgeshire,2021,12.267440222724566
E23000023,Cambridgeshire,2022,13.564023691545659
E23000023,Cambridgeshire,2023,13.021318431798237
E23000028,Essex,2003,10.405650523892406
E23000028,Essex,2004,10.83393725691955
E23000028,Essex,2005,10.147998164220759
E23000028,Essex,2006,10.02150266219562
E23000028,Essex,2007,9.72102407438156
E23000028,Essex,2008,8.99196010967002
E23000028,Essex,2009,8.47995812946447
E23000028,Essex,2010,8.238672921049252
E23000028,Essex,2011,8.100740959589176
E23000028,Essex,2012,8.459241923921507
E23000028,Essex,2013,8.640664210758896
E23000028,Essex,2014,8.82338546833436
E23000028,Essex,2015,9.305019674935012
E23000028,Essex,2016,10.161418832743221
E23000028,Essex,2017,10.774880577947574
E23000028,Essex,2018,13.0406798620314
E23000028,Essex,2019,14.511009469823902
E23000028,Essex,2020,15.343542577295798
E23000028,Essex,2021,13.40186827945084
E23000028,Essex,2022,16.44127696377981
E23000028,Essex,2023,16.02903302841576
E23000027,Hertfordshire,2003,9.575953116649575
E23000027,Hertfordshire,2004,10.61411140905954
E23000027,Hertfordshire,2005,11.337248913956213
E23000027,Hertfordshire,2006,10.85631743814493
E23000027,Hertfordshire,2007,9.917995453813667
E23000027,Hertfordshire,2008,8.67834404732247
E23000027,Hertfordshire,2009,8.035234480861696
E23000027,Hertfordshire,2010,7.383618981653484
E23000027,Hertfordshire,2011,6.881920174932901
E23000027,Hertfordshire,2012,6.16906902239637
E23000027,Hertfordshire,2013,5.6960865803659395
E23000027,Hertfordshire,2014,5.770623310242557
E23000027,Hertfordshire,2015,6.8419586055453525
E23000027,Hertfordshire,2016,7.737354285005615
E23000027,Hertfordshire,2017,8.607342410153846
E23000027,Hertfordshire,2018,10.811207825020137
E23000027,Hertfordshire,2019,11.229151515606262
E23000027,Hertfordshire,2020,10.715163581800715
E23000027,Hertfordshire,2021,8.772661730507728
E23000027,Hertfordshire,2022,9.785940142226202
E23000027,Hertfordshire,2023,9.978339393489964
E23000024,Norfolk,2003,10.501373896316334
E23000024,Norfolk,2004,10.084167509682432
E23000024,Norfolk,2005,8.553858035043273
E23000024,Norfolk,2006,9.15500420509279
E23000024,Norfolk,2007,7.524460481920392
E23000024,Norfolk,2008,6.9569989501468115
E23000024,Norfolk,2009,6.017334479891825
E23000024,Norfolk,2010,5.7664027369797575
E23000024,Norfolk,2011,5.811720989026576
E23000024,Norfolk,2012,5.802657605966758
E23000024,Norfolk,2013,5.074553150064415
E23000024,Norfolk,2014,5.4703968263262235
E23000024,Norfolk,2015,6.6189656703235995
E23000024,Norfolk,2016,8.100790434539512
E23000024,Norfolk,2017,9.129113785080886
E23000024,Norfolk,2018,11.302786868393305
E23000024,Norfolk,2019,11.765731720810738
E23000024,Norfolk,2020,12.742527280566136
E23000024,Norfolk,2021,11.734429809729534
E23000024,Norfolk,2022,13.212628833163928
E23000024,Norfolk,2023,12.911503677090026
E23000025,Suffolk,2003,8.418439759864654
E23000025,Suffolk,2004,9.133888154582923
E23000025,Suffolk,2005,8.521918850040993
E23000025,Suffolk,2006,8.818779758668974
E23000025,Suffolk,2007,8.02819147393003
E23000025,Suffolk,2008,7.4760155331067395
E23000025,Suffolk,2009,6.908967788981228
E23000025,Suffolk,2010,7.824568812024603
E23000025,Suffolk,2011,7.6308482149015875
E23000025,Suffolk,2012,7.670980627707505
E23000025,Suffolk,2013,7.056518816430428
E23000025,Suffolk,2014,6.3640096002618405
E23000025,Suffolk,2015,7.455513536871596
E23000025,Suffolk,2016,9.244748677242336
E23000025,Suffolk,2017,9.491061648605006
E23000025,Suffolk,2018,12.29867975547105
E23000025,Suffolk,2019,12.893124208512084
E23000025,Suffolk,2020,13.365055991242828
E23000025,Suffolk,2021,11.493269824423082
E23000025,Suffolk,2022,12.738439587633591
E23000025,Suffolk,2023,13.134946962533961
E23000034,City of London,2003,NA
E23000034,City of London,2004,NA
E23000034,City of London,2005,NA
E23000034,City of London,2006,NA
E23000034,City of London,2007,NA
E23000034,City of London,2008,NA
E23000034,City of London,2009,NA
E23000034,City of London,2010,NA
E23000034,City of London,2011,NA
E23000034,City of London,2012,NA
E23000034,City of London,2013,NA
E23000034,City of London,2014,NA
E23000034,City of London,2015,NA
E23000034,City of London,2016,NA
E23000034,City of London,2017,NA
E23000034,City of London,2018,NA
E23000034,City of London,2019,NA
E23000034,City of London,2020,NA
E23000034,City of London,2021,NA
E23000034,City of London,2022,NA
E23000034,City of London,2023,NA
E23000001,Metropolitan Police,2003,22.334075775158322
E23000001,Metropolitan Police,2004,21.397396531472467
E23000001,Metropolitan Police,2005,20.94706126410025
E23000001,Metropolitan Police,2006,21.782082719641124
E23000001,Metropolitan Police,2007,20.304801156037666
E23000001,Metropolitan Police,2008,18.08764905511478
E23000001,Metropolitan Police,2009,17.686869466309517
E23000001,Metropolitan Police,2010,17.754245963515167
E23000001,Metropolitan Police,2011,17.437947096678467
E23000001,Metropolitan Police,2012,17.455110306852376
E23000001,Metropolitan Police,2013,16.299462133164383
E23000001,Metropolitan Police,2014,15.304848294407165
E23000001,Metropolitan Police,2015,14.7125461014666
E23000001,Metropolitan Police,2016,14.956913042426184
E23000001,Metropolitan Police,2017,15.80654592349474
E23000001,Metropolitan Police,2018,18.416053065834564
E23000001,Metropolitan Police,2019,19.191120175262252
E23000001,Metropolitan Police,2020,19.538462477666396
E23000001,Metropolitan Police,2021,15.474487078669911
E23000001,Metropolitan Police,2022,17.39672980052349
E23000001,Metropolitan Police,2023,18.9994447891046
E23000030,Hampshire,2003,9.24241186976008
E23000030,Hampshire,2004,10.175477047341555
E23000030,Hampshire,2005,9.795900939787124
E23000030,Hampshire,2006,10.216747644657769
E23000030,Hampshire,2007,10.273975547865515
E23000030,Hampshire,2008,9.603604462115248
E23000030,Hampshire,2009,9.047920558035528
E23000030,Hampshire,2010,8.401124934526914
E23000030,Hampshire,2011,7.956671387875437
E23000030,Hampshire,2012,7.453933677380308
E23000030,Hampshire,2013,6.51267058463751
E23000030,Hampshire,2014,6.540981674552015
E23000030,Hampshire,2015,8.440152529626944
E23000030,Hampshire,2016,9.775998825667063
E23000030,Hampshire,2017,11.113449914764784
E23000030,Hampshire,2018,13.434209321134217
E23000030,Hampshire,2019,13.964202919812472
E23000030,Hampshire,2020,13.866358994467651
E23000030,Hampshire,2021,12.504168268726009
E23000030,Hampshire,2022,14.775817290682456
E23000030,Hampshire,2023,15.044257594898522
E23000032,Kent,2003,10.255118827327248
E23000032,Kent,2004,10.473128628985462
E23000032,Kent,2005,10.38796877216293
E23000032,Kent,2006,11.319557291255418
E23000032,Kent,2007,11.109596154983846
E23000032,Kent,2008,9.488549333754248
E23000032,Kent,2009,8.278492924797664
E23000032,Kent,2010,7.415928555604367
E23000032,Kent,2011,6.996962890855193
E23000032,Kent,2012,7.122382438533745
E23000032,Kent,2013,7.698394125065035
E23000032,Kent,2014,9.269504758984526
E23000032,Kent,2015,9.500222407074896
E23000032,Kent,2016,10.250553901669916
E23000032,Kent,2017,11.862297116160134
E23000032,Kent,2018,16.317265661996274
E23000032,Kent,2019,17.912611911153935
E23000032,Kent,2020,16.945584866742156
E23000032,Kent,2021,15.167459636376831
E23000032,Kent,2022,16.57786050882128
E23000032,Kent,2023,16.77599270597435
E23000031,Surrey,2003,7.945361326117303
E23000031,Surrey,2004,8.004960365148898
E23000031,Surrey,2005,7.46810221366605
E23000031,Surrey,2006,7.351287472995578
E23000031,Surrey,2007,6.964694739072576
E23000031,Surrey,2008,6.699756695145305
E23000031,Surrey,2009,6.06438256868795
E23000031,Surrey,2010,6.235566049356213
E23000031,Surrey,2011,6.344176887504576
E23000031,Surrey,2012,5.6655976196658315
E23000031,Surrey,2013,5.1904129958816405
E23000031,Surrey,2014,5.326604153209342
E23000031,Surrey,2015,5.991240776772165
E23000031,Surrey,2016,6.919572565312658
E23000031,Surrey,2017,7.741273144832833
E23000031,Surrey,2018,9.758642559258488
E23000031,Surrey,2019,10.400994298402605
E23000031,Surrey,2020,9.95916823583448
E23000031,Surrey,2021,8.822599826366583
E23000031,Surrey,2022,9.543340155874935
E23000031,Surrey,2023,9.8693852906874
E23000033,Sussex,2003,10.455445697718346
E23000033,Sussex,2004,11.150053996093996
E23000033,Sussex,2005,11.342708604251493
E23000033,Sussex,2006,10.1318810884816
E23000033,Sussex,2007,9.257985174386006
E23000033,Sussex,2008,7.928961695997882
E23000033,Sussex,2009,7.277377603346971
E23000033,Sussex,2010,7.321316109078292
E23000033,Sussex,2011,6.811064372884919
E23000033,Sussex,2012,6.416548150232833
E23000033,Sussex,2013,6.871135800441408
E23000033,Sussex,2014,6.499087468976635
E23000033,Sussex,2015,7.919907707781688
E23000033,Sussex,2016,8.416467763392008
E23000033,Sussex,2017,9.413441968369058
E23000033,Sussex,2018,11.179166900905052
E23000033,Sussex,2019,11.743121131900622
E23000033,Sussex,2020,12.836411562575313
E23000033,Sussex,2021,10.77959555349811
E23000033,Sussex,2022,11.661037751166166
E23000033,Sussex,2023,12.02001257476883
E23000029,Thames Valley,2003,11.656620084737577
E23000029,Thames Valley,2004,12.1159840358711
E23000029,Thames Valley,2005,11.215125063609433
E23000029,Thames Valley,2006,11.076118125884303
E23000029,Thames Valley,2007,11.114080477515204
E23000029,Thames Valley,2008,10.218537888208855
E23000029,Thames Valley,2009,9.783659662572097
E23000029,Thames Valley,2010,9.56035294523643
E23000029,Thames Valley,2011,8.687685946076062
E23000029,Thames Valley,2012,7.605291211422711
E23000029,Thames Valley,2013,6.896054335892433
E23000029,Thames Valley,2014,6.643522613002671
E23000029,Thames Valley,2015,6.841866892429683
E23000029,Thames Valley,2016,7.9105844368196845
E23000029,Thames Valley,2017,8.496320838833855
E23000029,Thames Valley,2018,9.976758635206743
E23000029,Thames Valley,2019,10.483483103007451
E23000029,Thames Valley,2020,10.928023506883097
E23000029,Thames Valley,2021,10.011725173848115
E23000029,Thames Valley,2022,11.11951327293563
E23000029,Thames Valley,2023,10.883930015114458
E23000036,Avon and Somerset,2003,16.898418274360985
E23000036,Avon and Somerset,2004,15.521478498900988
E23000036,Avon and Somerset,2005,14.145268881475616
E23000036,Avon and Somerset,2006,12.17305996461464
E23000036,Avon and Somerset,2007,11.989092538462879
E23000036,Avon and Somerset,2008,11.768973798147723
E23000036,Avon and Somerset,2009,10.883574510139631
E23000036,Avon and Somerset,2010,9.685724648483975
E23000036,Avon and Somerset,2011,8.638244022043388
E23000036,Avon and Somerset,2012,8.228652506776692
E23000036,Avon and Somerset,2013,7.412482588969273
E23000036,Avon and Somerset,2014,7.626508658545396
E23000036,Avon and Somerset,2015,8.353885647838272
E23000036,Avon and Somerset,2016,11.061579970161503
E23000036,Avon and Somerset,2017,12.36930847030813
E23000036,Avon and Somerset,2018,13.478063275340899
E23000036,Avon and Somerset,2019,12.906941085187794
E23000036,Avon and Somerset,2020,13.051627992789868
E23000036,Avon and Somerset,2021,11.267881887006395
E23000036,Avon and Somerset,2022,13.825908594518335
E23000036,Avon and Somerset,2023,13.164584811546225
E23000035,Devon and Cornwall,2003,10.029861139796735
E23000035,Devon and Cornwall,2004,9.704971628467499
E23000035,Devon and Cornwall,2005,9.598930345118568
E23000035,Devon and Cornwall,2006,8.77396484384729
E23000035,Devon and Cornwall,2007,8.497892390835826
E23000035,Devon and Cornwall,2008,7.745636408508513
E23000035,Devon and Cornwall,2009,7.128154032935279
E23000035,Devon and Cornwall,2010,6.919168076400584
E23000035,Devon and Cornwall,2011,6.768483056445914
E23000035,Devon and Cornwall,2012,7.391535444838505
E23000035,Devon and Cornwall,2013,7.152406484975104
E23000035,Devon and Cornwall,2014,7.412145910156819
E23000035,Devon and Cornwall,2015,7.432498567137997
E23000035,Devon and Cornwall,2016,7.574454298288754
E23000035,Devon and Cornwall,2017,8.470419945369086
E23000035,Devon and Cornwall,2018,10.183500138777017
E23000035,Devon and Cornwall,2019,10.67833019402613
E23000035,Devon and Cornwall,2020,10.31963548300143
E23000035,Devon and Cornwall,2021,9.75881394515827
E23000035,Devon and Cornwall,2022,11.06902116423426
E23000035,Devon and Cornwall,2023,11.729833195290457
E23000039,Dorset,2003,9.061467899271435
E23000039,Dorset,2004,9.939949411506714
E23000039,Dorset,2005,9.249162064500513
E23000039,Dorset,2006,9.110968691863786
E23000039,Dorset,2007,7.814566556789142
E23000039,Dorset,2008,7.854625689646692
E23000039,Dorset,2009,7.390863927420824
E23000039,Dorset,2010,7.487965973931892
E23000039,Dorset,2011,7.28519040688742
E23000039,Dorset,2012,6.483915718373134
E23000039,Dorset,2013,6.214889566926827
E23000039,Dorset,2014,5.86718715775618
E23000039,Dorset,2015,6.784295867309418
E23000039,Dorset,2016,7.8438521064171365
E23000039,Dorset,2017,8.591508566180266
E23000039,Dorset,2018,10.413270621831828
E23000039,Dorset,2019,11.557051199868257
E23000039,Dorset,2020,11.455805512457387
E23000039,Dorset,2021,9.91578185574215
E23000039,Dorset,2022,11.693938378106283
E23000039,Dorset,2023,11.591119526281854
E23000037,Gloucestershire,2003,11.919382981627233
E23000037,Gloucestershire,2004,12.464701135727706
E23000037,Gloucestershire,2005,11.426256574176813
E23000037,Gloucestershire,2006,11.318834088467575
E23000037,Gloucestershire,2007,10.781638315653353
E23000037,Gloucestershire,2008,9.128485013875439
E23000037,Gloucestershire,2009,8.307199693533057
E23000037,Gloucestershire,2010,8.323584774810588
E23000037,Gloucestershire,2011,8.204178313705615
E23000037,Gloucestershire,2012,8.086560561769275
E23000037,Gloucestershire,2013,7.140651143451145
E23000037,Gloucestershire,2014,7.666311818711518
E23000037,Gloucestershire,2015,8.00395870532638
E23000037,Gloucestershire,2016,8.48736003855637
E23000037,Gloucestershire,2017,9.283912365089718
E23000037,Gloucestershire,2018,10.61854745978026
E23000037,Gloucestershire,2019,11.078159931692436
E23000037,Gloucestershire,2020,11.551631743499255
E23000037,Gloucestershire,2021,10.777667138371221
E23000037,Gloucestershire,2022,13.276339369023255
E23000037,Gloucestershire,2023,15.13494141279364
E23000038,Wiltshire,2003,9.247000193055673
E23000038,Wiltshire,2004,8.968254239223402
E23000038,Wiltshire,2005,7.856650119869019
E23000038,Wiltshire,2006,8.243333008665346
E23000038,Wiltshire,2007,8.703679367521445
E23000038,Wiltshire,2008,7.719494024221967
E23000038,Wiltshire,2009,6.45357563929771
E23000038,Wiltshire,2010,6.556796389160983
E23000038,Wiltshire,2011,6.491056956206872
E23000038,Wiltshire,2012,5.830446180584371
E23000038,Wiltshire,2013,5.832898868617776
E23000038,Wiltshire,2014,6.030054958249577
E23000038,Wiltshire,2015,7.457440135653699
E23000038,Wiltshire,2016,8.325669545541135
E23000038,Wiltshire,2017,9.253116326373869
E23000038,Wiltshire,2018,10.719815174153876
E23000038,Wiltshire,2019,10.061345525643224
E23000038,Wiltshire,2020,9.694259190056199
E23000038,Wiltshire,2021,8.853156436567827
E23000038,Wiltshire,2022,9.744032073070642
E23000038,Wiltshire,2023,10.099935435534753
W15000004,Dyfed-Powys,2003,5.7173863934316564
W15000004,Dyfed-Powys,2004,7.083023907487119
W15000004,Dyfed-Powys,2005,7.137106761470587
W15000004,Dyfed-Powys,2006,6.416268737240775
W15000004,Dyfed-Powys,2007,6.161441657006647
W15000004,Dyfed-Powys,2008,5.421496008517857
W15000004,Dyfed-Powys,2009,5.083868369597756
W15000004,Dyfed-Powys,2010,4.97208312810949
W15000004,Dyfed-Powys,2011,5.023016023036272
W15000004,Dyfed-Powys,2012,4.7488498342447345
W15000004,Dyfed-Powys,2013,4.462594298111105
W15000004,Dyfed-Powys,2014,4.506665300517924
W15000004,Dyfed-Powys,2015,5.415825602459476
W15000004,Dyfed-Powys,2016,6.648545784187234
W15000004,Dyfed-Powys,2017,7.38780943276708
W15000004,Dyfed-Powys,2018,9.221121766362064
W15000004,Dyfed-Powys,2019,10.163125871650946
W15000004,Dyfed-Powys,2020,10.25602045896943
W15000004,Dyfed-Powys,2021,9.943092825429165
W15000004,Dyfed-Powys,2022,12.233839382823696
W15000004,Dyfed-Powys,2023,13.053531395090006
W15000002,Gwent,2003,14.121981961666382
W15000002,Gwent,2004,13.340516961694194
W15000002,Gwent,2005,13.206588649637544
W15000002,Gwent,2006,12.411086748111053
W15000002,Gwent,2007,12.016258093828565
W15000002,Gwent,2008,11.499640968055314
W15000002,Gwent,2009,10.352217171206147
W15000002,Gwent,2010,11.711549359750746
W15000002,Gwent,2011,10.567692883162314
W15000002,Gwent,2012,8.665258183679422
W15000002,Gwent,2013,8.509232389947378
W15000002,Gwent,2014,8.803987545141524
W15000002,Gwent,2015,9.170659637717991
W15000002,Gwent,2016,9.38096549029923
W15000002,Gwent,2017,9.622630346483094
W15000002,Gwent,2018,12.952938324247329
W15000002,Gwent,2019,15.849582449984872
W15000002,Gwent,2020,14.946596543193182
W15000002,Gwent,2021,12.309190397804352
W15000002,Gwent,2022,14.81017932656174
W15000002,Gwent,2023,16.234941102843063
W15000001,North Wales,2003,10.880531177007178
W15000001,North Wales,2004,9.964947445318844
W15000001,North Wales,2005,8.936980100722211
W15000001,North Wales,2006,8.187516661195417
W15000001,North Wales,2007,7.453170549737494
W15000001,North Wales,2008,6.7393069589858925
W15000001,North Wales,2009,6.785401159465713
W15000001,North Wales,2010,6.834737853055149
W15000001,North Wales,2011,7.107557351386045
W15000001,North Wales,2012,7.861784894126114
W15000001,North Wales,2013,7.739997166247651
W15000001,North Wales,2014,7.580885289284102
W15000001,North Wales,2015,8.353722112205768
W15000001,North Wales,2016,8.425474534543476
W15000001,North Wales,2017,10.448846244389582
W15000001,North Wales,2018,14.03124183294744
W15000001,North Wales,2019,14.363750862492122
W15000001,North Wales,2020,13.72198381969235
W15000001,North Wales,2021,12.192180873548113
W15000001,North Wales,2022,14.778102002275233
W15000001,North Wales,2023,14.331626841942875
W15000003,South Wales,2003,14.968058542942797
W15000003,South Wales,2004,14.186514537878885
W15000003,South Wales,2005,12.773337935590504
W15000003,South Wales,2006,12.34153808357838
W15000003,South Wales,2007,12.375179872311557
W15000003,South Wales,2008,12.623113586565609
W15000003,South Wales,2009,10.885688233511154
W15000003,South Wales,2010,9.894236951548335
W15000003,South Wales,2011,9.058046154026247
W15000003,South Wales,2012,8.577250273368291
W15000003,South Wales,2013,9.348267644266326
W15000003,South Wales,2014,8.983316637797211
W15000003,South Wales,2015,9.350914698682823
W15000003,South Wales,2016,9.925496773650414
W15000003,South Wales,2017,10.723707733482293
W15000003,South Wales,2018,12.327990325628388
W15000003,South Wales,2019,13.239374661260184
W15000003,South Wales,2020,12.701718498565791
W15000003,South Wales,2021,11.386132531106671
W15000003,South Wales,2022,12.433653484524138
W15000003,South Wales,2023,12.426551313695184
